8	24	1	Ahmad+Rawnd	3	Ar Raqqah	LTE	RAQ#6	0	3	Yes	599	83	NA	Dual Band	Both	8/24/2026	4:18:00 AM	8/24/2026	2:17:00 PM	9:59:00	9.98	599	Fourth.Part	Fiber.Cut	Backhaul		Done	peak	
8	24	1	Ahmad+Rawnd	3	Ar Raqqah	LTE	RAQ#42	0	3	Yes	599	83	NA	Dual Band	Both	8/24/2026	4:18:00 AM	8/24/2026	2:17:00 PM	9:59:00	9.98	599	Fourth.Part	Fiber.Cut	Backhaul		Done	peak	
8	24	1	Ahmad+Rawnd	3	Ar Raqqah	LTE	RAQ#30	0	3	Yes	575	83	NA	Dual Band	B20	8/24/2026	4:18:00 AM	8/24/2026	1:53:00 PM	9:35:00	9.58	575	Fourth.Part	Fiber.Cut	Backhaul		Done	peak	
8	24	1	Ahmad+Rawnd	3	Ar Raqqah	LTE	RAQ#43	0	3	Yes	569	83	NA	Dual Band	B20	8/24/2026	4:18:00 AM	8/24/2026	1:47:00 PM	9:29:00	9.48	569	Fourth.Part	Fiber.Cut	Backhaul		Done	peak	
8	24	1	Ahmad+Rawnd	3	Ar Raqqah	LTE	RAQ#46	0	3	Yes	602	83	NA	Dual Band	B7	8/24/2026	4:18:00 AM	8/24/2026	2:20:00 PM	10:02:00	10.03	602	Fourth.Part	Fiber.Cut	Backhaul		Done	peak	
8	24	1	Ahmad+Rawnd	3	Ar Raqqah	LTE	RAQ#48	0	3	Yes	602	83	NA	Dual Band	B7	8/24/2026	4:18:00 AM	8/24/2026	2:20:00 PM	10:02:00	10.03	602	Fourth.Part	Fiber.Cut	Backhaul		Done	peak	
8	24	1	Ahmad+Rawnd	3	Ar Raqqah	LTE	RAQ#77	0	3	Yes	575	83	NA	Dual Band	B7	8/24/2026	4:18:00 AM	8/24/2026	1:53:00 PM	9:35:00	9.58	575	Fourth.Part	Fiber.Cut	Backhaul		Done	peak	
8	24	1	Ahmad+Rawnd	3	Ar Raqqah	LTE	RAQ#85	0	3	Yes	576	83	NA	Dual Band	B7	8/24/2026	4:18:00 AM	8/24/2026	1:54:00 PM	9:36:00	9.60	576	Fourth.Part	Fiber.Cut	Backhaul		Done	peak	
8	24	1	Ahmad+Rawnd	RC	Ar Raqqah-Al Tabqa	LTE	RAQ-TAB#4	0	3	Yes	576	113	NA	Single Band	B20	8/24/2026	4:18:00 AM	8/24/2026	1:54:00 PM	9:36:00	9.60	576	Fourth.Part	Fiber.Cut	Backhaul		Done	peak	
8	24	1	Ahmad+Rawnd	RC	Ar Raqqah-Al Tabqa	LTE	RAQ-TAB#3	0	3	Yes	575	113	NA	Single Band	B20	8/24/2026	4:18:00 AM	8/24/2026	1:53:00 PM	9:35:00	9.58	575	Fourth.Part	Fiber.Cut	Backhaul		Done	peak	
8	24	2	Zubaida+Kaniwar+Adel	4	Sarrin	LTE	SIR#2	0	3	Yes	48	83	NA	Dual Band	Both	8/24/2026	8:13:00 AM	8/24/2026	9:01:00 AM	0:48:00	0.80	48	Fourth.Part	Generator	Generator start failure		Done	peak	
8	24	2	Zubaida+Kaniwar+Adel	2	Tel Brak	LTE	BRK#1	0	3	Yes	285	173	NA	Dual Band	Both	8/24/2026	8:23:00 AM	8/24/2026	1:08:00 PM	4:45:00	4.75	285	Operation	Fiber.Cut	Backhaul		Done	peak	
8	24	2	Zubaida+Kaniwar+Adel	1	Qamishli	LTE	QAM#82	3	3	Yes	31	83	NA	Dual Band	B7	8/24/2026	8:35:00 AM	8/24/2026	9:06:00 AM	0:31:00	0.52	31	Operation.RF	Traffic.Drop	RF Devices - are stuck  (Reset site required)		Done	peak	
8	24	2	Zubaida+Kaniwar+Adel	1	Qamishli	LTE	QAM#14	0	3	NA	104	83	NA	Dual Band	Both	8/24/2026	9:57:00 AM	8/24/2026	11:41:00 AM	1:44:00	1.73	104	Operation	Maintenance.Outage	Cabinet replacement		Done	peak	
8	24	2	Zubaida+Kaniwar+Adel	3	Ar Raqqah	LTE	RAQ#15	0	3	Yes	#NUM!	83	NA	Dual Band	B7	8/24/2026	10:18:00 AM	8/24/2026		#######	#NUM!	#NUM!	Fourth.Part	Fourth.Part	Fourth.Part		Follow	peak	
8	24	2	Zubaida+Kaniwar+Adel	3	Ar Raqqah	LTE	RAQ#24	0	3	Yes	#NUM!	83	NA	Dual Band	Both	8/24/2026	11:52:00 AM	8/24/2026		#######	#NUM!	#NUM!	Fourth.Part	Fourth.Part	Fourth.Part		Follow	peak	
8	24	2	Zubaida+Kaniwar+Adel	3	Ar Raqqah	LTE	RAQ#61	0	3	Yes	#NUM!	83	NA	Dual Band	Both	8/24/2026	11:54:00 AM	8/24/2026		#######	#NUM!	#NUM!	Fourth.Part	Fourth.Part	Fourth.Part		Follow	peak	
8	24	2	Zubaida+Kaniwar+Adel	3	Ar Raqqah	LTE	RAQ#4	0	3	Yes	#NUM!	83	NA	Dual Band	Both	8/24/2026	12:00:00 PM	8/24/2026		#######	#NUM!	#NUM!	Fourth.Part	Fourth.Part	Fourth.Part		Follow	peak	
8	24	2	Zubaida+Kaniwar+Adel	3	Ar Raqqah	LTE	RAQ#47	0	3	Yes	#NUM!	83	NA	Dual Band	Both	8/24/2026	12:04:00 PM	8/24/2026		#######	#NUM!	#NUM!	Fourth.Part	Fourth.Part	Fourth.Part		Follow	peak	
8	24	2	Zubaida+Kaniwar+Adel	1	Qamishli	LTE	QAM#18	0	3	Yes	89	83	NA	Dual Band	Both	8/24/2026	12:09:00 PM	8/24/2026	1:38:00 PM	1:29:00	1.48	89	Operation	Fiber.Cut	Backhaul		Done	peak	
8	24	2	Zubaida+Kaniwar+Adel	1	Qamishli	LTE	QAM#60	0	3	NA	133	83	NA	Dual Band	Both	8/24/2026	12:12:00 PM	8/24/2026	2:25:00 PM	2:13:00	2.22	133	Operation	Maintenance.Outage	Cabinet replacement	Exceeded the expected outage 	Done	peak	
8	24	2	Zubaida+Kaniwar+Adel	2	Al Hasakah	LTE	HAS#38	0	3	NA	140	83	NA	Dual Band	Both	8/24/2026	12:13:00 PM	8/24/2026	2:33:00 PM	2:20:00	2.33	140	Operation	Maintenance.Outage	Cabinet replacement		Done	peak	
8	24	2	Zubaida+Kaniwar+Adel	3	Ar Raqqah	LTE	RAQ#58	0	3	Yes	#NUM!	83	NA	Dual Band	Both	8/24/2026	1:22:00 PM	8/24/2026		#######	#NUM!	#NUM!	Fourth.Part	Fourth.Part	Fourth.Part		Follow	peak	
8	24	2	Zubaida+Kaniwar+Adel	3	Ar Raqqah	LTE	RAQ#60	0	3	Yes	#NUM!	83	NA	Dual Band	Both	8/24/2026	1:26:00 PM	8/24/2026		#######	#NUM!	#NUM!	Fourth.Part	Fourth.Part	Fourth.Part		Follow	peak	
8	24	2	Zubaida+Kaniwar+Adel	2	Al Hasakah	Node.Input.AC.power	HAS DC1	11	3	No	17	83	Yes	Node	Node	8/24/2026	1:33:00 PM	8/24/2026	1:50:00 PM	0:17:00	0.28	17	Operation	Generator	Temperature Sensor		Done	peak	
8	24	2	Zubaida+Kaniwar+Adel	3	Ar Raqqah	LTE	RAQ#44	0	3	Yes	#NUM!	83	NA	Dual Band	Both	8/24/2026	1:40:00 PM	8/24/2026		#######	#NUM!	#NUM!	Fourth.Part	Fourth.Part	Fourth.Part		Follow	peak	
8	24	2	Zubaida+Kaniwar+Adel	3	Ar Raqqah	LTE	RAQ#25	0	3	Yes	#NUM!	83	NA	Dual Band	Both	8/23/2026	2:23:00 PM	8/24/2026		#######	#NUM!	#NUM!	Fourth.Part	Fourth.Part	Fourth.Part		Follow	peak	
8	24	2	Zubaida+Kaniwar+Adel	3	Ar Raqqah	LTE	RAQ#72	0	3	Yes	#NUM!	83	NA	Dual Band	Both	8/24/2026	2:37:00 PM	8/24/2026		#######	#NUM!	#NUM!	Fourth.Part	Fourth.Part	Fourth.Part		Follow	peak	
8	24	2	Zubaida+Kaniwar+Adel	3	Ar Raqqah	LTE	RAQ#7	0	3	Yes	#NUM!	83	NA	Dual Band	Both	8/24/2026	3:01:00 PM	8/24/2026		#######	#NUM!	#NUM!	Fourth.Part	Fourth.Part	Fourth.Part		Follow	peak	
8	24	2	Zubaida+Kaniwar+Adel	3	Ar Raqqah	LTE	RAQ#63	0	3	Yes	#NUM!	83	NA	Dual Band	Both	8/24/2026	3:09:00 PM	8/24/2026		#######	#NUM!	#NUM!	Fourth.Part	Fourth.Part	Fourth.Part		Follow	peak	
8	24	2	Zubaida+Kaniwar+Adel	3	Ar Raqqah	LTE	RAQ#13	0	3	Yes	#NUM!	83	NA	Dual Band	Both	8/24/2026	3:37:00 PM	8/24/2026		#######	#NUM!	#NUM!	Fourth.Part	Fourth.Part	Fourth.Part		Follow	peak	
8	24	3	Derar+Bassam	3	Ar Raqqah	LTE	RAQ#57	0	3	Yes	#NUM!	83	NA	Dual Band	Both	8/24/2026	4:11:00 PM	8/24/2026		#######	#NUM!	#NUM!	Fourth.Part	Fourth.Part	Fourth.Part		Follow	peak	
8	24	3	Derar+Bassam	3	Ar Raqqah	LTE	RAQ#46	0	3	Yes	#NUM!	83	NA	Dual Band	Both	8/24/2026	5:05:00 PM	8/24/2026		#######	#NUM!	#NUM!	Fourth.Part	Fourth.Part	Fourth.Part		Follow	peak	
8	24	3	Derar+Bassam	3	Ar Raqqah	LTE	RAQ#48	0	3	Yes	#NUM!	83	NA	Dual Band	Both	8/24/2026	7:06:00 PM	8/24/2026		#######	#NUM!	#NUM!	Fourth.Part	Fourth.Part	Fourth.Part		Follow	peak	
8	25	1	Rawnd	RC	Ar Raqqah-Al Tabqa	LTE	RAQ-TAB#3	0	3	Yes	31	113	NA	Single Band	B20	8/25/2026	6:01:00 AM	8/25/2026	6:32:00 AM	0:31:00	0.52	31	Fourth.Part				Done	non peak	
8	25	2	Kaniwar	3	Ar Raqqah	LTE	RAQ#45	0	3	Yes	#NUM!	83	NA	Dual Band	Both	8/25/2026	10:13:00 AM	8/25/2026		#######	#NUM!	#NUM!	Fourth.Part	Fourth.Part	Fourth.Part		Follow	peak	
8	25	2	Kaniwar	3	Ar Raqqah	LTE	RAQ#2	0	3	Yes	#NUM!	83	NA	Dual Band	Both	8/25/2026	10:26:00 AM	8/25/2026		#######	#NUM!	#NUM!	Fourth.Part	Fourth.Part	Fourth.Part		Follow	peak	
8	25	2	Kaniwar	3	Ar Raqqah	LTE	RAQ#62	0	3	Yes	#NUM!	83	NA	Dual Band	Both	8/25/2026	10:31:00 AM	8/25/2026		#######	#NUM!	#NUM!	Fourth.Part	Fourth.Part	Fourth.Part		Follow	peak	
8	25	2	Kaniwar	3	Ar Raqqah	LTE	RAQ#1	0	3	Yes	#NUM!	83	NA	Dual Band	Both	8/25/2026	10:31:00 AM	8/25/2026		#######	#NUM!	#NUM!	Fourth.Part	Fourth.Part	Fourth.Part		Follow	peak	
8	25	2	Kaniwar	3	Ar Raqqah	LTE	RAQ#70	0	3	Yes	#NUM!	83	NA	Dual Band	Both	8/25/2026	10:36:00 AM	8/25/2026		#######	#NUM!	#NUM!	Fourth.Part	Fourth.Part	Fourth.Part		Follow	peak	
8	25	2	Kaniwar	3	Ar Raqqah	LTE	RAQ#8	0	3	Yes	#NUM!	83	NA	Dual Band	Both	8/25/2026	10:45:00 AM	8/25/2026		#######	#NUM!	#NUM!	Fourth.Part	Fourth.Part	Fourth.Part		Follow	peak	
8	25	2	Kaniwar	3	Ar Raqqah	LTE	RAQ#6	0	3	Yes	#NUM!	83	NA	Dual Band	Both	8/25/2026	11:13:00 AM	8/25/2026		#######	#NUM!	#NUM!	Fourth.Part	Fourth.Part	Fourth.Part		Follow	peak	
8	25	2	Kaniwar	3	Ar Raqqah	LTE	RAQ#85	0	3	Yes	#NUM!	83	NA	Dual Band	Both	8/25/2026	11:57:00 AM	8/25/2026		#######	#NUM!	#NUM!	Fourth.Part	Fourth.Part	Fourth.Part		Follow	peak	
8	25	2	Kaniwar	3	Ar Raqqah	LTE	RAQ#43	0	3	Yes	#NUM!	83	NA	Dual Band	Both	8/25/2026	12:13:00 PM	8/25/2026		#######	#NUM!	#NUM!	Fourth.Part	Fourth.Part	Fourth.Part		Follow	peak	
8	25	2	Kaniwar	3	Ar Raqqah	LTE	RAQ#36	0	3	Yes	#NUM!	83	NA	Dual Band	Both	8/25/2026	12:18:00 PM	8/25/2026		#######	#NUM!	#NUM!	Fourth.Part	Fourth.Part	Fourth.Part		Follow	peak	
8	25	2	Kaniwar	3	Ar Raqqah	LTE	RAQ#80	0	3	Yes	#NUM!	83	NA	Dual Band	Both	8/25/2026	12:34:00 PM	8/25/2026		#######	#NUM!	#NUM!	Fourth.Part	Fourth.Part	Fourth.Part		Follow	peak	
8	25	2	Kaniwar	3	Ar Raqqah	LTE	RAQ#17	0	3	Yes	#NUM!	83	NA	Dual Band	Both	8/25/2026	12:51:00 PM	8/25/2026		#######	#NUM!	#NUM!	Fourth.Part	Fourth.Part	Fourth.Part		Follow	peak	
8	25	2	Kaniwar	3	Ar Raqqah	LTE	RAQ#67	0	3	Yes	#NUM!	83	NA	Dual Band	Both	8/25/2026	12:51:00 PM	8/25/2026		#######	#NUM!	#NUM!	Fourth.Part	Fourth.Part	Fourth.Part		Follow	peak	
8	25	2	Kaniwar	3	Ar Raqqah	LTE	RAQ#77	0	3	Yes	#NUM!	83	NA	Dual Band	Both	8/25/2026	1:10:00 PM	8/25/2026		#######	#NUM!	#NUM!	Fourth.Part	Fourth.Part	Fourth.Part		Follow	peak	
8	25	2	Kaniwar	3	Ar Raqqah	LTE	RAQ#16	0	3	Yes	#NUM!	83	NA	Dual Band	Both	8/25/2026	1:23:00 PM	8/25/2026		#######	#NUM!	#NUM!	Fourth.Part	Fourth.Part	Fourth.Part		Follow	peak	
8	25	2	Kaniwar	3	Ar Raqqah	LTE	RAQ#42	0	3	Yes	#NUM!	83	NA	Dual Band	Both	8/25/2026	1:48:00 PM	8/25/2026		#######	#NUM!	#NUM!	Fourth.Part	Fourth.Part	Fourth.Part		Follow	peak	
8	25	2	Kaniwar	3	Ar Raqqah	LTE	RAQ#9	0	3	Yes	#NUM!	83	NA	Dual Band	Both	8/25/2026	2:13:00 PM	8/25/2026		#######	#NUM!	#NUM!	Fourth.Part	Fourth.Part	Fourth.Part		Follow	peak	
8	25	2	Kaniwar	3	Ar Raqqah	LTE	RAQ#19	0	3	Yes	#NUM!	83	NA	Dual Band	Both	8/25/2026	2:37:00 PM	8/25/2026		#######	#NUM!	#NUM!	Fourth.Part	Fourth.Part	Fourth.Part		Follow	peak	
8	25	2	Kaniwar	3	Ar Raqqah	LTE	RAQ#37	0	3	Yes	#NUM!	83	NA	Dual Band	Both	8/25/2026	2:47:00 PM	8/25/2026		#######	#NUM!	#NUM!	Fourth.Part	Fourth.Part	Fourth.Part		Follow	peak	
8	25	2	Kaniwar	3	Ar Raqqah	LTE	RAQ#18	0	3	Yes	#NUM!	83	NA	Single Band	B20	8/25/2026	3:30:00 PM	8/25/2026		#######	#NUM!	#NUM!	Fourth.Part	Fourth.Part	Fourth.Part		Follow	peak	
8	25	2	Kaniwar	3	Ar Raqqah	LTE	RAQ#66	0	3	Yes	#NUM!	83	NA	Dual Band	Both	8/25/2026	3:35:00 PM	8/25/2026		#######	#NUM!	#NUM!	Fourth.Part	Fourth.Part	Fourth.Part		Follow	peak	
8	25	2	Kaniwar	3	Ar Raqqah	LTE	RAQ#38	0	3	Yes	#NUM!	83	NA	Dual Band	Both	8/25/2026	3:41:00 PM	8/25/2026		#######	#NUM!	#NUM!	Fourth.Part	Fourth.Part	Fourth.Part		Follow	peak	
8	25	2	Kaniwar	3	Ar Raqqah	LTE	RAQ#41	0	3	Yes	#NUM!	83	NA	Dual Band	Both	8/25/2026	3:43:00 PM	8/25/2026		#######	#NUM!	#NUM!	Fourth.Part	Fourth.Part	Fourth.Part		Follow	peak	
8	25	2	Kaniwar	3	Ar Raqqah	LTE	RAQ#39	0	3	Yes	#NUM!	83	NA	Dual Band	Both	8/25/2026	3:47:00 PM	8/25/2026		#######	#NUM!	#NUM!	Fourth.Part	Fourth.Part	Fourth.Part		Follow	peak	
8	25	3	Ahmad	2	Al Hasakah	LTE	HAS#53	0	3	Yes	14	83	Yes	Dual Band	Both	8/25/2026	4:32:00 PM	8/25/2026	16:46	0:14:00	0.23	14	Operation	Generator	Power cables		Done	peak	
8	25	3	Ahmad	3	Ar Raqqah	LTE	RAQ#21	0	3	Yes	#NUM!	83	NA	Dual Band	Both	8/25/2026	4:35:00 PM			#######	#NUM!	#NUM!	Fourth.Part	Fourth.Part	Fourth.Part		Follow	peak	
8	25	3	Ahmad	3	Ar Raqqah	LTE	RAQ#91	0	3	Yes	#NUM!	83	NA	Dual Band	Both	8/25/2026	4:53:00 PM			#######	#NUM!	#NUM!	Fourth.Part	Fourth.Part	Fourth.Part		Follow	peak	
8	25	3	Ahmad	3	Ar Raqqah	LTE	RAQ#51	0	3	Yes	#NUM!	83	NA	Dual Band	Both	8/25/2026	4:53:00 PM			#######	#NUM!	#NUM!	Fourth.Part	Fourth.Part	Fourth.Part		Follow	peak	
8	25	3	Ahmad	3	Ar Raqqah	LTE	RAQ#23	0	3	Yes	#NUM!	83	NA	Dual Band	Both	8/25/2026	5:03:00 PM			#######	#NUM!	#NUM!	Fourth.Part	Fourth.Part	Fourth.Part		Follow	peak	
8	25	3	Ahmad	1	Qamishli	LTE	QAM#51	0	3	Yes	19	83	Yes	Dual Band	Both	8/25/2026	5:13:00 PM	8/25/2026	17:32	0:19:00	0.32	19	Operation	Generator	Generator belt		Done	peak	
8	25	3	Ahmad	3	Ar Raqqah	LTE	RAQ#40	0	3	Yes	#NUM!	83	NA	Dual Band	Both	8/25/2026	5:44:00 PM			#######	#NUM!	#NUM!	Fourth.Part	Fourth.Part	Fourth.Part		Follow	peak	
8	25	3	Ahmad	3	Ar Raqqah	LTE	RAQ#20	0	3	Yes	#NUM!	83	NA	Dual Band	Both	8/25/2026	5:53:00 PM			#######	#NUM!	#NUM!	Fourth.Part	Fourth.Part	Fourth.Part		Follow	peak	
8	25	3	Ahmad	3	Ar Raqqah	LTE	RAQ#28	0	3	Yes	#NUM!	83	NA	Dual Band	Both	8/25/2026	6:02:00 PM			#######	#NUM!	#NUM!	Fourth.Part	Fourth.Part	Fourth.Part		Follow	peak	
8	25	3	Ahmad	3	Ar Raqqah	LTE	RAQ#30	0	3	Yes	#NUM!	83	NA	Dual Band	Both	8/25/2026	6:42:00 PM			#######	#NUM!	#NUM!	Fourth.Part	Fourth.Part	Fourth.Part		Follow	peak	
8	25	3	Ahmad	3	Ar Raqqah	LTE	RAQ#12	0	3	Yes	#NUM!	83	NA	Dual Band	Both	8/25/2026	7:00:00 PM			#######	#NUM!	#NUM!	Fourth.Part	Fourth.Part	Fourth.Part		Follow	peak	
8	25	3	Ahmad	3	Ar Raqqah	LTE	RAQ#56	0	3	Yes	#NUM!	83	NA	Dual Band	Both	8/25/2026	7:11:00 PM			#######	#NUM!	#NUM!	Fourth.Part	Fourth.Part	Fourth.Part		Follow	peak	
8	25	3	Ahmad	3	Ar Raqqah	LTE	RAQ#27	0	3	Yes	#NUM!	83	NA	Dual Band	Both	8/25/2026	7:26:00 PM			#######	#NUM!	#NUM!	Fourth.Part	Fourth.Part	Fourth.Part		Follow	peak	
8	25	3	Ahmad	3	Al-Mansurah	LTE	MNS#2	0	3	Yes	95	83	NA	Dual Band	Both	8/25/2026	7:55:00 PM	8/26/2026	9:30 PM	1:35:00	1.58	95	Fourth.Part	Power.Source.Cable	Power  Outsite Power Cable		Done	peak	
8	25	3	Ahmad	2	Al Hasakah	Node.Input.AC.power	HAS1 Node	2	4	Yes	10	83	NA			8/25/2026	8:28:00 PM	8/25/2026	8:38 PM	0:10:00	0.17	10					Done	peak	
8	25	3	Ahmad	3	Ar Raqqah	LTE	RAQ#29	0	3	Yes	#NUM!	83	NA	Dual Band	Both	8/25/2026	8:45:00 PM			#######	#NUM!	#NUM!	Fourth.Part	Fourth.Part	Fourth.Part		Follow	peak	
8	25	3	Ahmad	2	Al Hasakah	LTE	HAS#53	0	3	Yes	14	83	Yes	Dual Band	Both	8/25/2026	11:11:00 PM	8/25/2026	11:25 PM	0:14:00	0.23	14	Operation	Generator	Temperature Sensor		Done	peak	
8	26	1	Majd	RC	Region 1	LTE	QAM-KAH#1	0	3	Yes	68	113	Yes	Dual Band	Both	8/26/2026	6:43:00 AM	8/26/2026	7:51 AM	1:08:00	1.13	68	Operation	Generator	Generator start failure		Done	peak	
8	26	2	Mohammad+Rawnd+Zubaida	1	Qamishli	LTE	QAM#46	0	3	NA	131	83	NA	Dual Band	Both	8/26/2026	10:05:00 AM	8/26/2026	12:16 PM	2:11:00	2.18	131	Operation	Maintenance.Outage	Cabinet replacement		Done	peak	
8	26	2	Mohammad+Rawnd+Zubaida	3	Ar Raqqah	LTE	RAQ#11	0	3	Yes	#NUM!	83	NA	Dual Band	Both	8/26/2026	10:20:00 AM			#######	#NUM!	#NUM!	Fourth.Part	Fourth.Part	Fourth.Part		Follow	peak	
8	26	2	Mohammad+Rawnd+Zubaida	3	Ar Raqqah	LTE	RAQ#10	0	3	Yes	#NUM!	83	NA	Dual Band	Both	8/26/2026	10:43:00 AM			#######	#NUM!	#NUM!	Fourth.Part	Fourth.Part	Fourth.Part		Follow	peak	
8	26	2	Mohammad+Rawnd+Zubaida	3	Ar Raqqah	LTE	RAQ#15	0	3	Yes	#NUM!	83	NA	Dual Band	B20	8/26/2026	10:48:00 AM			#######	#NUM!	#NUM!	Fourth.Part	Fourth.Part	Fourth.Part		Follow	peak	
8	26	2	Mohammad+Rawnd+Zubaida	3	Ar Raqqah	LTE	RAQ#53	0	3	Yes	#NUM!	83	NA	Dual Band	Both	8/26/2026	11:30:00 AM			#######	#NUM!	#NUM!	Fourth.Part	Fourth.Part	Fourth.Part		Follow	peak	
8	26	2	Mohammad+Rawnd+Zubaida	3	Ar Raqqah	LTE	RAQ#55	0	3	Yes	#NUM!	83	NA	Dual Band	Both	8/26/2026	12:00:00 PM			#######	#NUM!	#NUM!	Fourth.Part	Fourth.Part	Fourth.Part		Follow	peak	
8	26	2	Mohammad+Rawnd+Zubaida	3	Ar Raqqah	LTE	RAQ#54	0	3	Yes	#NUM!	83	NA	Dual Band	Both	8/26/2026	12:08:00 PM			#######	#NUM!	#NUM!	Fourth.Part	Fourth.Part	Fourth.Part		Follow	peak	
8	26	2	Mohammad+Rawnd+Zubaida	2	Al Hasakah	LTE	HAS#71	0	3	NA	243	83	NA	Dual Band	Both	8/26/2026	12:02:00 PM	26/8/2026	4:05 PM	4:03:00	4.05	243	Operation	Maintenance.Outage	Cabinet replacement	& ODF  replacement ( Exceeded the expected outage /B20)	Done	peak	
8	26	2	Mohammad+Rawnd+Zubaida	1	Rmelan	LTE	RUM#4	0	3	NA	111	83	NA	Dual Band	Both	8/26/2026	12:02:00 PM	8/26/2026	1:53 PM	1:51:00	1.85	111	Operation	Maintenance.Outage	Cabinet replacement		Done	peak	
8	26	2	Mohammad+Rawnd+Zubaida	3	Ar Raqqah	LTE	RAQ#22	0	3	Yes	#NUM!	83	NA	Dual Band	Both	8/26/2026	12:21:00 PM			#######	#NUM!	#NUM!	Fourth.Part	Fourth.Part	Fourth.Part		Follow	peak	
8	26	2	Mohammad+Rawnd+Zubaida	2	Tall Tamr	LTE	TAM#3	0	3	Yes	60	83	Yes	Dual Band	Both	8/26/2026	12:40:00 PM	8/26/2026	1:40 PM	1:00:00	1.00	60	Operation	Generator	Violation-Overload shutdown		Done	peak	
8	26	2	Mohammad+Rawnd+Zubaida	3	Ar Raqqah	LTE	RAQ#79	0	3	Yes	#NUM!	83	NA	Dual Band	Both	8/26/2026	1:07:00 PM			#######	#NUM!	#NUM!	Fourth.Part	Fourth.Part	Fourth.Part		Follow	peak	
8	26	2	Mohammad+Rawnd+Zubaida	3	Ar Raqqah	LTE	RAQ#3	0	3	Yes	#NUM!	83	NA	Dual Band	Both	8/26/2026	1:13:00 PM			#######	#NUM!	#NUM!	Fourth.Part	Fourth.Part	Fourth.Part		Follow	peak	
8	26	2	Mohammad+Rawnd+Zubaida	1	Qamishli	LTE	QAM#59	0	3	NA	164	83	NA	Dual Band	Both	8/26/2026	1:11:00 PM	8/26/2026	3:55 PM	2:44:00	2.73	164	Operation	Maintenance.Outage	Cabinet replacement		Done	peak	
8	26	2	Mohammad+Rawnd+Zubaida	3	Ar Raqqah	LTE	RAQ#81	0	3	Yes	#NUM!	83	NA	Dual Band	Both	8/26/2026	2:28:00 PM			#######	#NUM!	#NUM!	Fourth.Part	Fourth.Part	Fourth.Part		Follow	peak	
8	26	2	Mohammad+Rawnd+Zubaida	3	Ar Raqqah	LTE	RAQ#34	0	3	Yes	#NUM!	83	NA	Dual Band	Both	8/26/2026	2:28:00 PM			#######	#NUM!	#NUM!	Fourth.Part	Fourth.Part	Fourth.Part		Follow	peak	
8	26	2	Mohammad+Rawnd+Zubaida	3	Rmelan	LTE	RUM#1	0	3	NA	64	83	NA	Dual Band	Both	8/26/2026	2:56:00 PM	8/26/2026	4:00 PM	1:04:00	1.07	64	Operation	Maintenance.Outage	Cabinet replacement		Done	peak	
8	26	2	Mohammad+Rawnd+Zubaida	1	Malikiyah-Tel Kojar	LTE	MAL-KOJ#3	0	3	NA	28	83	NA	Single Band	B20	8/26/2026	3:32:00 PM	8/26/2026	4:00 PM	0:28:00	0.47	28	Operation	Maintenance.Outage	Adding band 7		Done	peak	
8	26	2	Mohammad+Rawnd+Zubaida	3	Ar Raqqah	LTE	RAQ#90	0	3	Yes	#NUM!	83	NA	Dual Band	B20	8/26/2026	3:42:00 PM			#######	#NUM!	#NUM!	Fourth.Part	Fourth.Part	Fourth.Part		Follow	peak	
8	26	3	Majd+Ahmed	3	Ar Raqqah	LTE	RAQ#31	0	3	Yes	#NUM!	83	NA	Dual Band	Both	8/26/2026	4:37:00 PM			#######	#NUM!	#NUM!	Fourth.Part	Fourth.Part	Fourth.Part		Follow	peak	
8	26	3	Majd+Ahmed	3	Ar Raqqah	LTE	RAQ#100	0	3	Yes	#NUM!	83	NA	Dual Band	Both	8/26/2026	4:57:00 PM			#######	#NUM!	#NUM!	Fourth.Part	Fourth.Part	Fourth.Part		Follow	peak	
8	26	3	Majd+Ahmed	3	Ar Raqqah	LTE	RAQ#78	0	3	Yes	#NUM!	83	NA	Dual Band	Both	8/26/2026	5:27:00 PM			#######	#NUM!	#NUM!	Fourth.Part	Fourth.Part	Fourth.Part		Follow	peak	
8	26	3	Majd+Ahmed	3	Ar Raqqah	LTE	RAQ#26	0	3	Yes	#NUM!	83	NA	Dual Band	Both	8/26/2026	5:42:00 PM			#######	#NUM!	#NUM!	Fourth.Part	Fourth.Part	Fourth.Part		Follow	peak	
8	26	3	Majd+Ahmed	3	Ar Raqqah	LTE	RAQ#15	0	3	Yes	#NUM!	83	NA	Dual Band	Both	8/26/2026	6:50:00 PM			#######	#NUM!	#NUM!	Fourth.Part	Fourth.Part	Fourth.Part		Follow	peak	
8	27	2	Zubaida+Rawnd+Mohammad	1	Qamishli	LTE	QAM#16	0	3	NA	51	83	NA	Dual Band	Both	8/27/2026	10:15:00 AM	8/27/2026	11:06 AM	0:51:00	0.85	51	Operation	Maintenance.Outage	Cabinet replacement		Done	peak	
8	27	2	Zubaida+Rawnd+Mohammad	2	Arisha	LTE	ARI#2	0	3	Yes	193	83	No	Dual Band	Both	8/27/2026	10:43:00 AM	8/27/2026	13:56:00	3:13:00	3.22	193	Operation	Commercial.Power	Commercial Gensit		Done	peak	
8	27	2	Zubaida+Rawnd+Mohammad	2	Al Hasakah	LTE	HAS#27	0	3	NA	190	83	NA	Dual Band	Both	8/27/2026	10:00:00 AM	8/27/2026	1:10 PM	3:10:00	3.17	190	Operation	Maintenance.Outage	Cabinet replacement		Done	peak	
8	27	2	Zubaida+Rawnd+Mohammad	1	Qamishli	LTE	QAM#18	0	3	NA	92	83	NA	Dual Band	Both	8/27/2026	11:50:00 AM	8/27/2026	1:22 PM	1:32:00	1.53	92	Operation	Maintenance.Outage	Cabinet replacement		Done	peak	
8	27	2	Zubaida+Rawnd+Mohammad	1	Qamishli-Tall Tamr	LTE	QAM-TAM#1	0	3	Yes	254	83	NA	Dual Band	Both	8/27/2026	11:53:00 AM	8/27/2026	4:07 PM	4:14:00	4.23	254	Operation	Fiber.Cut	Backbone		Done	peak	
8	27	2	Zubaida+Rawnd+Mohammad	1	Qamishli-Tall Tamr	LTE	QAM-TAM#4	0	3	Yes	213	83	NA	Single Band	B20	8/27/2026	11:53:00 AM	8/27/2026	3:26 PM	3:33:00	3.55	213	Operation	Fiber.Cut	Backbone		Done	peak	
8	27	2	Zubaida+Rawnd+Mohammad	1	Qamishli-Tall Tamr	LTE	QAM-TAM#5	0	3	Yes	252	83	NA	Single Band	B20	8/27/2026	11:53:00 AM	8/27/2026	4:05 PM	4:12:00	4.20	252	Operation	Fiber.Cut	Backbone		Done	peak	
8	27	2	Zubaida+Rawnd+Mohammad	1	Qamishli-Tall Tamr	LTE	QAM-TAM#7	0	3	Yes	210	83	NA	Single Band	B20	8/27/2026	11:53:00 AM	8/27/2026	3:23 PM	3:30:00	3.50	210	Operation	Fiber.Cut	Backbone		Done	peak	
8	27	2	Zubaida+Rawnd+Mohammad	1	Al-Malikiyah	LTE	MAL#6	0	3	NA	109	83	NA	Dual Band	Both	8/27/2026	12:36:00 PM	8/27/2026	2:25 PM	1:49:00	1.82	109	Operation	Maintenance.Outage	Cabinet replacement		Done	peak	
8	27	2	Zubaida+Rawnd+Mohammad	2	Al Hasakah	LTE	HAS#27	0	3	NA	13	83	NA	Dual Band	Both	8/27/2026	1:46:00 PM	8/27/2026	1:59 PM	0:13:00	0.22	13	Operation	Maintenance.Outage	Cabinet replacement		Done	peak	
8	27	2	Zubaida+Rawnd+Mohammad	1	Al-Malikiyah	LTE	MAL#9	0	3	NA	180	83	NA	Dual Band	Both	8/27/2026	2:57:00 PM	8/27/2026	5:57 PM	3:00:00	3.00	180	Operation	Maintenance.Outage	Cabinet replacement		Done	peak	
8	27	2	Zubaida+Rawnd+Mohammad	1	Qamishli-Rmelan	LTE	QAM-RUM#1	0	3	Yes	206	83	NA	Single Band	B20	8/27/2026	3:55:00 PM	8/27/2026	7:21 PM	3:26:00	3.43	206	-	Commercial.Power	Main Grid		Done	peak	
8	27	2	Zubaida+Rawnd+Mohammad	1	Tel Hamees	LTE	HAM#1	0	3	Yes	1201	173	NA	Dual Band	Both	8/27/2026	4:00:00 PM	8/28/2026	12:01 PM	20:01:00	20.02	1201	Operation	Fiber.Cut	Backhaul		Done	peak	
8	27	3	Ahmad+Majd	1	Tel Hamees	LTE	HAM#2	0	3	Yes	1168	173	NA	Dual Band	Both	8/27/2026	4:41:00 PM	8/28/2026	12:09 PM	19:28:00	19.47	1168	Operation	Fiber.Cut	Backhaul		Done	peak	
8	27	3	Ahmad+Majd	4	Manbij	LTE	MAN#20	0	3	Yes	15	83	NA	Dual Band	Both	8/27/2026	5:00:00 PM	8/27/2026	5:15 PM	0:15:00	0.25	15	Fourth.Part				Done	peak	
8	27	3	Ahmad+Majd	2	Al Hasakah	LTE	HAS#15	0	3	Yes	15	83	Yes	Dual Band	Both	8/27/2026	8:14:00 PM	8/27/2026	8:29 PM	0:15:00	0.25	15	Operation	Generator	Overload shutdown		Done	peak	
8	27	3	Ahmad+Majd	2	Al Hasakah	LTE	HAS#45	0	3	Yes	15	83	Yes	Dual Band	Both	8/27/2026	8:14:00 PM	8/27/2026	8:29 PM	0:15:00	0.25	15	Operation	Generator	Overload shutdown		Done	peak	
8	27	3	Ahmad+Majd	2	Al Hasakah	LTE	HAS#34	0	3	Yes	13	83	Yes	Dual Band	Both	8/27/2026	8:16:00 PM	8/27/2026	8:29 PM	0:13:00	0.22	13	Operation	Generator	Overload shutdown		Done	peak	
8	28	3	Derar+Adel	1	Qamishli	LTE	QAM#82	0	3	Yes	20	83	NA	Dual Band	B20	8/28/2026	9:45:00 PM	8/28/2026	22:05	0:20:00	0.33	20	Operation.RF	Traffic.Drop	RF Devices - are stuck		Done	peak	
8	28	3	Derar+Adel	4	Manbij	LTE	MAN#37	0	3	Yes	171	83	NA	Dual Band	Both	8/28/2026	8:39:00 PM	8/28/2026	23:30	2:51:00	2.85	171	Fourth.Part	Fiber.Cut	Backhaul		Done	peak	
8	28	3	Derar+Adel	RC	Qamishli-Rmelan	LTE	QAM-RUM#1	0	3	Yes	1251	113	NA	Single Band	B20	8/28/2026	10:56:00 PM	8/29/2026	19:47	20:51:00	20.85	1251	-	Commercial.Power	Main Grid		Done	peak	
8	28	3	Derar+Adel	1	Qamishli	LTE	QAM#68	0	3	Yes	124	83	No	Dual Band	B7	8/28/2026	9:15:00 PM	8/28/2026	23:19	2:04:00	2.07	124	Operation	Traffic.Drop	Site generator start failure		Done	peak	
8	29	1	Kaniwar+Bassam	1	Qamishli	LTE	QAM#6	0	3	Yes	13	83	NA	Dual Band	Both	8/29/2026	7:26:00 AM	8/29/2026	7:39 AM	0:13:00	0.22	13					Done	non peak	
8	29	2	Majd+Mohameed	4	Kobani	LTE	KOB#20	0	3	Yes	65	83	Yes	Dual Band	Both	8/29/2026	10:40:00 AM	8/29/2026	11:45 AM	1:05:00	1.08	65	Operation	Traffic.Drop	Site generator start failure		Done	peak	
8	29	2	Majd+Mohameed	1	Qamishli	LTE	QAM#55	0	3	NA	46	83	NA	Dual Band	Both	8/29/2026	12:53:00 PM	8/29/2026	1:39 PM	0:46:00	0.77	46	Operation	Maintenance.Outage	Switch Installation	 Exceeded the expected outage 	Done	peak	
8	29	2	Majd+Mohameed	1	Qamishli	LTE	QAM#57	0	3	NA	19	83	NA	Dual Band	Both	8/29/2026	2:42:00 PM	8/29/2026	3:01 PM	0:19:00	0.32	19	Operation	Maintenance.Outage	Switch Installation	 Exceeded the expected outage 	Done	peak	
8	29	2	Majd+Mohameed	1	Qamishli	LTE	QAM#16	0	3	NA	29	83	NA	Dual Band	Both	8/29/2026	4:02:00 PM	8/29/2026	4:31 PM	0:29:00	0.48	29	Operation	Maintenance.Outage	Switch Installation	 Exceeded the expected outage 	Done	peak	
8	29	2	Kaniwar+Adel	RC	Ar Raqqah-Sarrin	LTE	RAQ-SIR#4	0	3	Yes	1308	113	NA	Single Band	B20	8/29/2026	5:27:00 PM	8/30/2026	15:15	21:48:00	21.80	1308	Fourth.Part	LTE.Site.Rectifier.Cabinet	Rectifier Issue		Done	peak	
8	29	2	Kaniwar+Adel	4	Manbij	LTE	MAN#5	0	3	NA	103	83	NA	Dual Band	Both	8/29/2026	6:17:00 PM	8/29/2026	8:00 PM	1:43:00	1.72	103	Fourth.Part	Maintenance.Outage	Cable Maintenance 		Done	peak	
8	29	2	Kaniwar+Adel	4	Manbij	LTE	MAN#22	0	3	NA	67	83	NA	Dual Band	Both	8/29/2026	6:53:00 PM	8/29/2026	8:00 PM	1:07:00	1.12	67	Fourth.Part	Maintenance.Outage	Cable Maintenance 		Done	peak	
8	30	1	Rawnd+Bassam	RC	Region 1	LTE	QAM-KAH#1	0	3	Yes	67	113	Yes	Dual Band	Both	8/30/2026	6:50:00 AM	8/30/2026	7:57 AM	1:07:00	1.12	67	Operation	Generator	Generator Battery		Done	non peak	
8	30	2	Hnav + Adel	1	Qamishli	LTE	QAM#62	0	3	NA	150	83	NA	Dual Band	Both	8/30/2026	10:02:00 AM	8/30/2026	12:32 PM	2:30:00	2.50	150	Operation	Maintenance.Outage	Cabinet replacement		Done	peak	
8	30	2	Hnav + Adel	2	Al Hasakah	LTE	HAS#45	0	3	NA	149	83	NA	Dual Band	Both	8/30/2026	10:42:00 AM	8/30/2026	1:11 PM	2:29:00	2.48	149	Operation	Maintenance.Outage	Cabinet replacement		Done	peak	
8	30	2	Hnav + Adel	1	Al-Malikiyah	LTE	MAL#2	0	3	Yes	31	83	Yes	Dual Band	Both	8/30/2026	12:40:00 PM	8/30/2026	1:11 PM	0:31:00	0.52	31	Operation	Power.Source.Cable	Power  Outsite Power Cable		Done	peak	
8	30	2	Hnav + Adel	1	Region 1	LTE	TWL#1	0	3	NA	101	83	NA	Single Band	B20	8/30/2026	12:57:00 PM	8/30/2026	2:38 PM	1:41:00	1.68	101	Operation	Maintenance.Outage	Cabinet replacement		Done	peak	
8	30	2	Hnav + Adel	RC	Qamishli-Tall Tamr	LTE	QAM-TAM#4	0	3	NA	51	113	NA	Single Band	B20	8/30/2026	12:52:00 PM	8/30/2026	1:43 PM	0:51:00	0.85	51	Operation.RF	Maintenance.Outage	Adding band 7		Done	peak	
8	30	2	Hnav + Adel	1	Rmelan	LTE	RUM#4	0	3	NA	30	83	NA	Dual Band	Both	8/30/2026	1:25:00 PM	8/30/2026	1:55 PM	0:30:00	0.50	30	Operation	Maintenance.Outage	Switch Installation		Done	peak	
8	30	2	Hnav + Adel	1	Rmelan	LTE	RUM#1	1	3	NA	40	83	NA	Dual Band	Both	8/30/2026	1:25:00 PM	8/30/2026	2:05 PM	0:40:00	0.67	40	Operation	Maintenance.Outage	Switch Installation		Done	peak	
8	30	2	Hnav + Adel	2	Al Hasakah	LTE	HAS#34	0	3	NA	180	83	NA	Dual Band	Both	8/30/2026	3:23:00 PM	8/30/2026	6:23 PM	3:00:00	3.00	180	Operation	Maintenance.Outage	Cabinet replacement		Done	peak	
8	30	3	Kaniwar+Derar	4	Manbij	LTE	MAN#11	0	3	Yes	37	83	NA	Dual Band	Both	8/30/2026	4:50:00 PM	8/30/2026	5:27 PM	0:37:00	0.62	37	Fourth.Part	Generator	Generator Battery		Done	peak	
8	30	3	Kaniwar+Derar	RC	Region 1	LTE	QAM-KAH#1	0	3	Yes	29	113	Yes	Dual Band	Both	8/30/2026	8:38:00 PM	8/30/2026	9:07 PM	0:29:00	0.48	29	Operation	Generator	Violation-Overload shutdown		Done	peak	
